wellid,gw_extracted,X,Y
13242,186.72313609858975,-98.293531,40.506244
26925,195.44551678700373,-98.422662,40.301043
30542,92.63732125982642,-99.437848,40.352288
179865,131.22074001003057,-98.06122222,41.24994444
48712,179.13528085919097,-98.714912,40.683671
136454,145.54516432108358,-100.592529,40.193521
204797,199.59297293098643,-98.87919444,40.72425
17229,121.89699440496042,-97.78759235,40.7419175
102966,88.90271785203367,-98.276392,40.715457
